,Sampling1,Sampling2,Sampling3,Sampling4,Sampling5
M1,0.922077922077922,0.75,0.875,0.9187922956793336,0.935064935064935
M2,0.974025974025974,1.0,1.0,1.0,0.974025974025974
M3,0.6753246753246753,0.375,0.6875,0.8921134825611661,0.7272727272727273
M4,1.0,1.0,0.9375,1.0,1.0
M5,0.935064935064935,0.375,0.875,0.9997397188964081,0.948051948051948
